id,name,email,department,last_updated
1,John Smith,john.smith1@example.com,IT,1/1/2026
2,Alice Smith,alice.smith2@example.com,HR,1/1/2026
3,Bob Smith,bob.smith3@example.com,Finance,1/1/2026
4,David Smith,david.smith4@example.com,Marketing,1/1/2026
5,Emma Smith,emma.smith5@example.com,Sales,1/1/2026
6,Michael Smith,michael.smith6@example.com,IT,1/1/2026
7,Sophia Smith,sophia.smith7@example.com,HR,1/1/2026
8,James Smith,james.smith8@example.com,Finance,1/1/2026
9,Olivia Smith,olivia.smith9@example.com,Marketing,1/1/2026
10,William Smith,william.smith10@example.com,Sales,1/1/2026
11,Liam Smith,liam.smith11@example.com,IT,1/1/2026
12,Noah Smith,noah.smith12@example.com,HR,1/1/2026
13,Charlotte Smith,charlotte.smith13@example.com,Finance,1/1/2026
14,Amelia Smith,amelia.smith14@example.com,Marketing,1/1/2026
15,Benjamin Smith,benjamin.smith15@example.com,Sales,1/1/2026
16,Evelyn Smith,evelyn.smith16@example.com,IT,1/1/2026
17,Lucas Smith,lucas.smith17@example.com,HR,1/1/2026
18,Harper Smith,harper.smith18@example.com,Finance,1/1/2026
19,Henry Smith,henry.smith19@example.com,Marketing,1/1/2026
20,Abigail Smith,abigail.smith20@example.com,Sales,1/1/2026
21,John Johnson,john.johnson21@example.com,IT,1/1/2026
22,Alice Johnson,alice.johnson22@example.com,HR,1/1/2026
23,Bob Johnson,bob.johnson23@example.com,Finance,1/1/2026
24,David Johnson,david.johnson24@example.com,Marketing,1/1/2026
25,Emma Johnson,emma.johnson25@example.com,Sales,1/1/2026
26,Michael Johnson,michael.johnson26@example.com,IT,1/1/2026
27,Sophia Johnson,sophia.johnson27@example.com,HR,1/1/2026
28,James Johnson,james.johnson28@example.com,Finance,1/1/2026
29,Olivia Johnson,olivia.johnson29@example.com,Marketing,1/1/2026
30,William Johnson,william.johnson30@example.com,Sales,1/1/2026
31,Liam Johnson,liam.johnson31@example.com,IT,1/1/2026
32,Noah Johnson,noah.johnson32@example.com,HR,1/1/2026
33,Charlotte Johnson,charlotte.johnson33@example.com,Finance,1/1/2026
34,Amelia Johnson,amelia.johnson34@example.com,Marketing,1/1/2026
35,Benjamin Johnson,benjamin.johnson35@example.com,Sales,1/1/2026
36,Evelyn Johnson,evelyn.johnson36@example.com,IT,1/1/2026
37,Lucas Johnson,lucas.johnson37@example.com,HR,1/1/2026
38,Harper Johnson,harper.johnson38@example.com,Finance,1/1/2026
39,Henry Johnson,henry.johnson39@example.com,Marketing,1/1/2026
40,Abigail Johnson,abigail.johnson40@example.com,Sales,1/1/2026
41,John Williams,john.williams41@example.com,IT,1/1/2026
42,Alice Williams,alice.williams42@example.com,HR,1/1/2026
43,Bob Williams,bob.williams43@example.com,Finance,1/1/2026
44,David Williams,david.williams44@example.com,Marketing,1/1/2026
45,Emma Williams,emma.williams45@example.com,Sales,1/1/2026
46,Michael Williams,michael.williams46@example.com,IT,1/1/2026
47,Sophia Williams,sophia.williams47@example.com,HR,1/1/2026
48,James Williams,james.williams48@example.com,Finance,1/1/2026
49,Olivia Williams,olivia.williams49@example.com,Marketing,1/1/2026
50,William Williams,william.williams50@example.com,Sales,1/1/2026
51,Liam Williams,liam.williams51@example.com,IT,1/1/2026
52,Noah Williams,noah.williams52@example.com,HR,1/1/2026
53,Charlotte Williams,charlotte.williams53@example.com,Finance,1/1/2026
54,Amelia Williams,amelia.williams54@example.com,Marketing,1/1/2026
55,Benjamin Williams,benjamin.williams55@example.com,Sales,1/1/2026
56,Evelyn Williams,evelyn.williams56@example.com,IT,1/1/2026
57,Lucas Williams,lucas.williams57@example.com,HR,1/1/2026
58,Harper Williams,harper.williams58@example.com,Finance,1/1/2026
59,Henry Williams,henry.williams59@example.com,Marketing,1/1/2026
60,Abigail Williams,abigail.williams60@example.com,Sales,1/1/2026
61,John Brown,john.brown61@example.com,IT,1/1/2026
62,Alice Brown,alice.brown62@example.com,HR,1/1/2026
63,Bob Brown,bob.brown63@example.com,Finance,1/1/2026
64,David Brown,david.brown64@example.com,Marketing,1/1/2026
65,Emma Brown,emma.brown65@example.com,Sales,1/1/2026
66,Michael Brown,michael.brown66@example.com,IT,1/1/2026
67,Sophia Brown,sophia.brown67@example.com,HR,1/1/2026
68,James Brown,james.brown68@example.com,Finance,1/1/2026
69,Olivia Brown,olivia.brown69@example.com,Marketing,1/1/2026
70,William Brown,william.brown70@example.com,Sales,1/1/2026
71,Liam Brown,liam.brown71@example.com,IT,1/1/2026
72,Noah Brown,noah.brown72@example.com,HR,1/1/2026
73,Charlotte Brown,charlotte.brown73@example.com,Finance,1/1/2026
74,Amelia Brown,amelia.brown74@example.com,Marketing,1/1/2026
75,Benjamin Brown,benjamin.brown75@example.com,Sales,1/1/2026
76,Evelyn Brown,evelyn.brown76@example.com,IT,1/1/2026
77,Lucas Brown,lucas.brown77@example.com,HR,1/1/2026
78,Harper Brown,harper.brown78@example.com,Finance,1/1/2026
79,Henry Brown,henry.brown79@example.com,Marketing,1/1/2026
80,Abigail Brown,abigail.brown80@example.com,Sales,1/1/2026
81,John Jones,john.jones81@example.com,IT,1/1/2026
82,Alice Jones,alice.jones82@example.com,HR,1/1/2026
83,Bob Jones,bob.jones83@example.com,Finance,1/1/2026
84,David Jones,david.jones84@example.com,Marketing,1/1/2026
85,Emma Jones,emma.jones85@example.com,Sales,1/1/2026
86,Michael Jones,michael.jones86@example.com,IT,1/1/2026
87,Sophia Jones,sophia.jones87@example.com,HR,1/1/2026
88,James Jones,james.jones88@example.com,Finance,1/1/2026
89,Olivia Jones,olivia.jones89@example.com,Marketing,1/1/2026
90,William Jones,william.jones90@example.com,Sales,1/1/2026
91,Liam Jones,liam.jones91@example.com,IT,1/1/2026
92,Noah Jones,noah.jones92@example.com,HR,1/1/2026
93,Charlotte Jones,charlotte.jones93@example.com,Finance,1/1/2026
94,Amelia Jones,amelia.jones94@example.com,Marketing,1/1/2026
95,Benjamin Jones,benjamin.jones95@example.com,Sales,1/1/2026
96,Evelyn Jones,evelyn.jones96@example.com,IT,1/1/2026
97,Lucas Jones,lucas.jones97@example.com,HR,1/1/2026
98,Harper Jones,harper.jones98@example.com,Finance,1/1/2026
99,Henry Jones,henry.jones99@example.com,Marketing,1/1/2026
100,Abigail Jones,abigail.jones100@example.com,Sales,1/1/2026
101,John Garcia,john.garcia101@example.com,IT,1/1/2026
102,Alice Garcia,alice.garcia102@example.com,HR,1/1/2026
103,Bob Garcia,bob.garcia103@example.com,Finance,1/1/2026
104,David Garcia,david.garcia104@example.com,Marketing,1/1/2026
105,Emma Garcia,emma.garcia105@example.com,Sales,1/1/2026
106,Michael Garcia,michael.garcia106@example.com,IT,1/1/2026
107,Sophia Garcia,sophia.garcia107@example.com,HR,1/1/2026
108,James Garcia,james.garcia108@example.com,Finance,1/1/2026
109,Olivia Garcia,olivia.garcia109@example.com,Marketing,1/1/2026
110,William Garcia,william.garcia110@example.com,Sales,1/1/2026
111,Liam Garcia,liam.garcia111@example.com,IT,1/1/2026
112,Noah Garcia,noah.garcia112@example.com,HR,1/1/2026
113,Charlotte Garcia,charlotte.garcia113@example.com,Finance,1/1/2026
114,Amelia Garcia,amelia.garcia114@example.com,Marketing,1/1/2026
115,Benjamin Garcia,benjamin.garcia115@example.com,Sales,1/1/2026
116,Evelyn Garcia,evelyn.garcia116@example.com,IT,1/1/2026
117,Lucas Garcia,lucas.garcia117@example.com,HR,1/1/2026
118,Harper Garcia,harper.garcia118@example.com,Finance,1/1/2026
119,Henry Garcia,henry.garcia119@example.com,Marketing,1/1/2026
120,Abigail Garcia,abigail.garcia120@example.com,Sales,1/1/2026
121,John Miller,john.miller121@example.com,IT,1/1/2026
122,Alice Miller,alice.miller122@example.com,HR,1/1/2026
123,Bob Miller,bob.miller123@example.com,Finance,1/1/2026
124,David Miller,david.miller124@example.com,Marketing,1/1/2026
125,Emma Miller,emma.miller125@example.com,Sales,1/1/2026
126,Michael Miller,michael.miller126@example.com,IT,1/1/2026
127,Sophia Miller,sophia.miller127@example.com,HR,1/1/2026
128,James Miller,james.miller128@example.com,Finance,1/1/2026
129,Olivia Miller,olivia.miller129@example.com,Marketing,1/1/2026
130,William Miller,william.miller130@example.com,Sales,1/1/2026
131,Liam Miller,liam.miller131@example.com,IT,1/1/2026
132,Noah Miller,noah.miller132@example.com,HR,1/1/2026
133,Charlotte Miller,charlotte.miller133@example.com,Finance,1/1/2026
134,Amelia Miller,amelia.miller134@example.com,Marketing,1/1/2026
135,Benjamin Miller,benjamin.miller135@example.com,Sales,1/1/2026
136,Evelyn Miller,evelyn.miller136@example.com,IT,1/1/2026
137,Lucas Miller,lucas.miller137@example.com,HR,1/1/2026
138,Harper Miller,harper.miller138@example.com,Finance,1/1/2026
139,Henry Miller,henry.miller139@example.com,Marketing,1/1/2026
140,Abigail Miller,abigail.miller140@example.com,Sales,1/1/2026
141,John Davis,john.davis141@example.com,IT,1/1/2026
142,Alice Davis,alice.davis142@example.com,HR,1/1/2026
143,Bob Davis,bob.davis143@example.com,Finance,1/1/2026
144,David Davis,david.davis144@example.com,Marketing,1/1/2026
145,Emma Davis,emma.davis145@example.com,Sales,1/1/2026
146,Michael Davis,michael.davis146@example.com,IT,1/1/2026
147,Sophia Davis,sophia.davis147@example.com,HR,1/1/2026
148,James Davis,james.davis148@example.com,Finance,1/1/2026
149,Olivia Davis,olivia.davis149@example.com,Marketing,1/1/2026
150,William Davis,william.davis150@example.com,Sales,1/1/2026
151,Liam Davis,liam.davis151@example.com,IT,1/1/2026
152,Noah Davis,noah.davis152@example.com,HR,1/1/2026
153,Charlotte Davis,charlotte.davis153@example.com,Finance,1/1/2026
154,Amelia Davis,amelia.davis154@example.com,Marketing,1/1/2026
155,Benjamin Davis,benjamin.davis155@example.com,Sales,1/1/2026
156,Evelyn Davis,evelyn.davis156@example.com,IT,1/1/2026
157,Lucas Davis,lucas.davis157@example.com,HR,1/1/2026
158,Harper Davis,harper.davis158@example.com,Finance,1/1/2026
159,Henry Davis,henry.davis159@example.com,Marketing,1/1/2026
160,Abigail Davis,abigail.davis160@example.com,Sales,1/1/2026
161,John Rodriguez,john.rodriguez161@example.com,IT,1/1/2026
162,Alice Rodriguez,alice.rodriguez162@example.com,HR,1/1/2026
163,Bob Rodriguez,bob.rodriguez163@example.com,Finance,1/1/2026
164,David Rodriguez,david.rodriguez164@example.com,Marketing,1/1/2026
165,Emma Rodriguez,emma.rodriguez165@example.com,Sales,1/1/2026
166,Michael Rodriguez,michael.rodriguez166@example.com,IT,1/1/2026
167,Sophia Rodriguez,sophia.rodriguez167@example.com,HR,1/1/2026
168,James Rodriguez,james.rodriguez168@example.com,Finance,1/1/2026
169,Olivia Rodriguez,olivia.rodriguez169@example.com,Marketing,1/1/2026
170,William Rodriguez,william.rodriguez170@example.com,Sales,1/1/2026
171,Liam Rodriguez,liam.rodriguez171@example.com,IT,1/1/2026
172,Noah Rodriguez,noah.rodriguez172@example.com,HR,1/1/2026
173,Charlotte Rodriguez,charlotte.rodriguez173@example.com,Finance,1/1/2026
174,Amelia Rodriguez,amelia.rodriguez174@example.com,Marketing,1/1/2026
175,Benjamin Rodriguez,benjamin.rodriguez175@example.com,Sales,1/1/2026
176,Evelyn Rodriguez,evelyn.rodriguez176@example.com,IT,1/1/2026
177,Lucas Rodriguez,lucas.rodriguez177@example.com,HR,1/1/2026
178,Harper Rodriguez,harper.rodriguez178@example.com,Finance,1/1/2026
179,Henry Rodriguez,henry.rodriguez179@example.com,Marketing,1/1/2026
180,Abigail Rodriguez,abigail.rodriguez180@example.com,Sales,1/1/2026
181,John Martinez,john.martinez181@example.com,IT,1/1/2026
182,Alice Martinez,alice.martinez182@example.com,HR,1/1/2026
183,Bob Martinez,bob.martinez183@example.com,Finance,1/1/2026
184,David Martinez,david.martinez184@example.com,Marketing,1/1/2026
185,Emma Martinez,emma.martinez185@example.com,Sales,1/1/2026
186,Michael Martinez,michael.martinez186@example.com,IT,1/1/2026
187,Sophia Martinez,sophia.martinez187@example.com,HR,1/1/2026
188,James Martinez,james.martinez188@example.com,Finance,1/1/2026
189,Olivia Martinez,olivia.martinez189@example.com,Marketing,1/1/2026
190,William Martinez,william.martinez190@example.com,Sales,1/1/2026
191,Liam Martinez,liam.martinez191@example.com,IT,1/1/2026
192,Noah Martinez,noah.martinez192@example.com,HR,1/1/2026
193,Charlotte Martinez,charlotte.martinez193@example.com,Finance,1/1/2026
194,Amelia Martinez,amelia.martinez194@example.com,Marketing,1/1/2026
195,Benjamin Martinez,benjamin.martinez195@example.com,Sales,1/1/2026
196,Evelyn Martinez,evelyn.martinez196@example.com,IT,1/1/2026
197,Lucas Martinez,lucas.martinez197@example.com,HR,1/1/2026
198,Harper Martinez,harper.martinez198@example.com,Finance,1/1/2026
199,Henry Martinez,henry.martinez199@example.com,Marketing,1/1/2026
200,Abigail Martinez,abigail.martinez200@example.com,Sales,1/1/2026
201,John Hernandez,john.hernandez201@example.com,IT,1/1/2026
202,Alice Hernandez,alice.hernandez202@example.com,HR,1/1/2026
203,Bob Hernandez,bob.hernandez203@example.com,Finance,1/1/2026
204,David Hernandez,david.hernandez204@example.com,Marketing,1/1/2026
205,Emma Hernandez,emma.hernandez205@example.com,Sales,1/1/2026
206,Michael Hernandez,michael.hernandez206@example.com,IT,1/1/2026
207,Sophia Hernandez,sophia.hernandez207@example.com,HR,1/1/2026
208,James Hernandez,james.hernandez208@example.com,Finance,1/1/2026
209,Olivia Hernandez,olivia.hernandez209@example.com,Marketing,1/1/2026
210,William Hernandez,william.hernandez210@example.com,Sales,1/1/2026
211,Liam Hernandez,liam.hernandez211@example.com,IT,1/1/2026
212,Noah Hernandez,noah.hernandez212@example.com,HR,1/1/2026
213,Charlotte Hernandez,charlotte.hernandez213@example.com,Finance,1/1/2026
214,Amelia Hernandez,amelia.hernandez214@example.com,Marketing,1/1/2026
215,Benjamin Hernandez,benjamin.hernandez215@example.com,Sales,1/1/2026
216,Evelyn Hernandez,evelyn.hernandez216@example.com,IT,1/1/2026
217,Lucas Hernandez,lucas.hernandez217@example.com,HR,1/1/2026
218,Harper Hernandez,harper.hernandez218@example.com,Finance,1/1/2026
219,Henry Hernandez,henry.hernandez219@example.com,Marketing,1/1/2026
220,Abigail Hernandez,abigail.hernandez220@example.com,Sales,1/1/2026
221,John Lopez,john.lopez221@example.com,IT,1/1/2026
222,Alice Lopez,alice.lopez222@example.com,HR,1/1/2026
223,Bob Lopez,bob.lopez223@example.com,Finance,1/1/2026
224,David Lopez,david.lopez224@example.com,Marketing,1/1/2026
225,Emma Lopez,emma.lopez225@example.com,Sales,1/1/2026
226,Michael Lopez,michael.lopez226@example.com,IT,1/1/2026
227,Sophia Lopez,sophia.lopez227@example.com,HR,1/1/2026
228,James Lopez,james.lopez228@example.com,Finance,1/1/2026
229,Olivia Lopez,olivia.lopez229@example.com,Marketing,1/1/2026
230,William Lopez,william.lopez230@example.com,Sales,1/1/2026
231,Liam Lopez,liam.lopez231@example.com,IT,1/1/2026
232,Noah Lopez,noah.lopez232@example.com,HR,1/1/2026
233,Charlotte Lopez,charlotte.lopez233@example.com,Finance,1/1/2026
234,Amelia Lopez,amelia.lopez234@example.com,Marketing,1/1/2026
235,Benjamin Lopez,benjamin.lopez235@example.com,Sales,1/1/2026
236,Evelyn Lopez,evelyn.lopez236@example.com,IT,1/1/2026
237,Lucas Lopez,lucas.lopez237@example.com,HR,1/1/2026
238,Harper Lopez,harper.lopez238@example.com,Finance,1/1/2026
239,Henry Lopez,henry.lopez239@example.com,Marketing,1/1/2026
240,Abigail Lopez,abigail.lopez240@example.com,Sales,1/1/2026
241,John Gonzalez,john.gonzalez241@example.com,IT,1/1/2026
242,Alice Gonzalez,alice.gonzalez242@example.com,HR,1/1/2026
243,Bob Gonzalez,bob.gonzalez243@example.com,Finance,1/1/2026
244,David Gonzalez,david.gonzalez244@example.com,Marketing,1/1/2026
245,Emma Gonzalez,emma.gonzalez245@example.com,Sales,1/1/2026
246,Michael Gonzalez,michael.gonzalez246@example.com,IT,1/1/2026
247,Sophia Gonzalez,sophia.gonzalez247@example.com,HR,1/1/2026
248,James Gonzalez,james.gonzalez248@example.com,Finance,1/1/2026
249,Olivia Gonzalez,olivia.gonzalez249@example.com,Marketing,1/1/2026
250,William Gonzalez,william.gonzalez250@example.com,Sales,1/1/2026
251,Liam Gonzalez,liam.gonzalez251@example.com,IT,1/1/2026
252,Noah Gonzalez,noah.gonzalez252@example.com,HR,1/1/2026
253,Charlotte Gonzalez,charlotte.gonzalez253@example.com,Finance,1/1/2026
254,Amelia Gonzalez,amelia.gonzalez254@example.com,Marketing,1/1/2026
255,Benjamin Gonzalez,benjamin.gonzalez255@example.com,Sales,1/1/2026
256,Evelyn Gonzalez,evelyn.gonzalez256@example.com,IT,1/1/2026
257,Lucas Gonzalez,lucas.gonzalez257@example.com,HR,1/1/2026
258,Harper Gonzalez,harper.gonzalez258@example.com,Finance,1/1/2026
259,Henry Gonzalez,henry.gonzalez259@example.com,Marketing,1/1/2026
260,Abigail Gonzalez,abigail.gonzalez260@example.com,Sales,1/1/2026
261,John Wilson,john.wilson261@example.com,IT,1/1/2026
262,Alice Wilson,alice.wilson262@example.com,HR,1/1/2026
263,Bob Wilson,bob.wilson263@example.com,Finance,1/1/2026
264,David Wilson,david.wilson264@example.com,Marketing,1/1/2026
265,Emma Wilson,emma.wilson265@example.com,Sales,1/1/2026
266,Michael Wilson,michael.wilson266@example.com,IT,1/1/2026
267,Sophia Wilson,sophia.wilson267@example.com,HR,1/1/2026
268,James Wilson,james.wilson268@example.com,Finance,1/1/2026
269,Olivia Wilson,olivia.wilson269@example.com,Marketing,1/1/2026
270,William Wilson,william.wilson270@example.com,Sales,1/1/2026
271,Liam Wilson,liam.wilson271@example.com,IT,1/1/2026
272,Noah Wilson,noah.wilson272@example.com,HR,1/1/2026
273,Charlotte Wilson,charlotte.wilson273@example.com,Finance,1/1/2026
274,Amelia Wilson,amelia.wilson274@example.com,Marketing,1/1/2026
275,Benjamin Wilson,benjamin.wilson275@example.com,Sales,1/1/2026
276,Evelyn Wilson,evelyn.wilson276@example.com,IT,1/1/2026
277,Lucas Wilson,lucas.wilson277@example.com,HR,1/1/2026
278,Harper Wilson,harper.wilson278@example.com,Finance,1/1/2026
279,Henry Wilson,henry.wilson279@example.com,Marketing,1/1/2026
280,Abigail Wilson,abigail.wilson280@example.com,Sales,1/1/2026
281,John Anderson,john.anderson281@example.com,IT,1/1/2026
282,Alice Anderson,alice.anderson282@example.com,HR,1/1/2026
283,Bob Anderson,bob.anderson283@example.com,Finance,1/1/2026
284,David Anderson,david.anderson284@example.com,Marketing,1/1/2026
285,Emma Anderson,emma.anderson285@example.com,Sales,1/1/2026
286,Michael Anderson,michael.anderson286@example.com,IT,1/1/2026
287,Sophia Anderson,sophia.anderson287@example.com,HR,1/1/2026
288,James Anderson,james.anderson288@example.com,Finance,1/1/2026
289,Olivia Anderson,olivia.anderson289@example.com,Marketing,1/1/2026
290,William Anderson,william.anderson290@example.com,Sales,1/1/2026
291,Liam Anderson,liam.anderson291@example.com,IT,1/1/2026
292,Noah Anderson,noah.anderson292@example.com,HR,1/1/2026
293,Charlotte Anderson,charlotte.anderson293@example.com,Finance,1/1/2026
294,Amelia Anderson,amelia.anderson294@example.com,Marketing,1/1/2026
295,Benjamin Anderson,benjamin.anderson295@example.com,Sales,1/1/2026
296,Evelyn Anderson,evelyn.anderson296@example.com,IT,1/1/2026
297,Lucas Anderson,lucas.anderson297@example.com,HR,1/1/2026
298,Harper Anderson,harper.anderson298@example.com,Finance,1/1/2026
299,Henry Anderson,henry.anderson299@example.com,Marketing,1/1/2026
300,Abigail Anderson,abigail.anderson300@example.com,Sales,1/1/2026
301,John Thomas,john.thomas301@example.com,IT,1/1/2026
302,Alice Thomas,alice.thomas302@example.com,HR,1/1/2026
303,Bob Thomas,bob.thomas303@example.com,Finance,1/1/2026
304,David Thomas,david.thomas304@example.com,Marketing,1/1/2026
305,Emma Thomas,emma.thomas305@example.com,Sales,1/1/2026
306,Michael Thomas,michael.thomas306@example.com,IT,1/1/2026
307,Sophia Thomas,sophia.thomas307@example.com,HR,1/1/2026
308,James Thomas,james.thomas308@example.com,Finance,1/1/2026
309,Olivia Thomas,olivia.thomas309@example.com,Marketing,1/1/2026
310,William Thomas,william.thomas310@example.com,Sales,1/1/2026
311,Liam Thomas,liam.thomas311@example.com,IT,1/1/2026
312,Noah Thomas,noah.thomas312@example.com,HR,1/1/2026
313,Charlotte Thomas,charlotte.thomas313@example.com,Finance,1/1/2026
314,Amelia Thomas,amelia.thomas314@example.com,Marketing,1/1/2026
315,Benjamin Thomas,benjamin.thomas315@example.com,Sales,1/1/2026
316,Evelyn Thomas,evelyn.thomas316@example.com,IT,1/1/2026
317,Lucas Thomas,lucas.thomas317@example.com,HR,1/1/2026
318,Harper Thomas,harper.thomas318@example.com,Finance,1/1/2026
319,Henry Thomas,henry.thomas319@example.com,Marketing,1/1/2026
320,Abigail Thomas,abigail.thomas320@example.com,Sales,1/1/2026
321,John Taylor,john.taylor321@example.com,IT,1/1/2026
322,Alice Taylor,alice.taylor322@example.com,HR,1/1/2026
323,Bob Taylor,bob.taylor323@example.com,Finance,1/1/2026
324,David Taylor,david.taylor324@example.com,Marketing,1/1/2026
325,Emma Taylor,emma.taylor325@example.com,Sales,1/1/2026
326,Michael Taylor,michael.taylor326@example.com,IT,1/1/2026
327,Sophia Taylor,sophia.taylor327@example.com,HR,1/1/2026
328,James Taylor,james.taylor328@example.com,Finance,1/1/2026
329,Olivia Taylor,olivia.taylor329@example.com,Marketing,1/1/2026
330,William Taylor,william.taylor330@example.com,Sales,1/1/2026
331,Liam Taylor,liam.taylor331@example.com,IT,1/1/2026
332,Noah Taylor,noah.taylor332@example.com,HR,1/1/2026
333,Charlotte Taylor,charlotte.taylor333@example.com,Finance,1/1/2026
334,Amelia Taylor,amelia.taylor334@example.com,Marketing,1/1/2026
335,Benjamin Taylor,benjamin.taylor335@example.com,Sales,1/1/2026
336,Evelyn Taylor,evelyn.taylor336@example.com,IT,1/1/2026
337,Lucas Taylor,lucas.taylor337@example.com,HR,1/1/2026
338,Harper Taylor,harper.taylor338@example.com,Finance,1/1/2026
339,Henry Taylor,henry.taylor339@example.com,Marketing,1/1/2026
340,Abigail Taylor,abigail.taylor340@example.com,Sales,1/1/2026
341,John Moore,john.moore341@example.com,IT,1/1/2026
342,Alice Moore,alice.moore342@example.com,HR,1/1/2026
343,Bob Moore,bob.moore343@example.com,Finance,1/1/2026
344,David Moore,david.moore344@example.com,Marketing,1/1/2026
345,Emma Moore,emma.moore345@example.com,Sales,1/1/2026
346,Michael Moore,michael.moore346@example.com,IT,1/1/2026
347,Sophia Moore,sophia.moore347@example.com,HR,1/1/2026
348,James Moore,james.moore348@example.com,Finance,1/1/2026
349,Olivia Moore,olivia.moore349@example.com,Marketing,1/1/2026
350,William Moore,william.moore350@example.com,Sales,1/1/2026
351,Liam Moore,liam.moore351@example.com,IT,1/1/2026
352,Noah Moore,noah.moore352@example.com,HR,1/1/2026
353,Charlotte Moore,charlotte.moore353@example.com,Finance,1/1/2026
354,Amelia Moore,amelia.moore354@example.com,Marketing,1/1/2026
355,Benjamin Moore,benjamin.moore355@example.com,Sales,1/1/2026
356,Evelyn Moore,evelyn.moore356@example.com,IT,1/1/2026
357,Lucas Moore,lucas.moore357@example.com,HR,1/1/2026
358,Harper Moore,harper.moore358@example.com,Finance,1/1/2026
359,Henry Moore,henry.moore359@example.com,Marketing,1/1/2026
360,Abigail Moore,abigail.moore360@example.com,Sales,1/1/2026
361,John Jackson,john.jackson361@example.com,IT,1/1/2026
362,Alice Jackson,alice.jackson362@example.com,HR,1/1/2026
363,Bob Jackson,bob.jackson363@example.com,Finance,1/1/2026
364,David Jackson,david.jackson364@example.com,Marketing,1/1/2026
365,Emma Jackson,emma.jackson365@example.com,Sales,1/1/2026
366,Michael Jackson,michael.jackson366@example.com,IT,1/1/2026
367,Sophia Jackson,sophia.jackson367@example.com,HR,1/1/2026
368,James Jackson,james.jackson368@example.com,Finance,1/1/2026
369,Olivia Jackson,olivia.jackson369@example.com,Marketing,1/1/2026
370,William Jackson,william.jackson370@example.com,Sales,1/1/2026
371,Liam Jackson,liam.jackson371@example.com,IT,1/1/2026
372,Noah Jackson,noah.jackson372@example.com,HR,1/1/2026
373,Charlotte Jackson,charlotte.jackson373@example.com,Finance,1/1/2026
374,Amelia Jackson,amelia.jackson374@example.com,Marketing,1/1/2026
375,Benjamin Jackson,benjamin.jackson375@example.com,Sales,1/1/2026
376,Evelyn Jackson,evelyn.jackson376@example.com,IT,1/1/2026
377,Lucas Jackson,lucas.jackson377@example.com,HR,1/1/2026
378,Harper Jackson,harper.jackson378@example.com,Finance,1/1/2026
379,Henry Jackson,henry.jackson379@example.com,Marketing,1/1/2026
380,Abigail Jackson,abigail.jackson380@example.com,Sales,1/1/2026
381,John Martin,john.martin381@example.com,IT,1/1/2026
382,Alice Martin,alice.martin382@example.com,HR,1/1/2026
383,Bob Martin,bob.martin383@example.com,Finance,1/1/2026
384,David Martin,david.martin384@example.com,Marketing,1/1/2026
385,Emma Martin,emma.martin385@example.com,Sales,1/1/2026
386,Michael Martin,michael.martin386@example.com,IT,1/1/2026
387,Sophia Martin,sophia.martin387@example.com,HR,1/1/2026
388,James Martin,james.martin388@example.com,Finance,1/1/2026
389,Olivia Martin,olivia.martin389@example.com,Marketing,1/1/2026
390,William Martin,william.martin390@example.com,Sales,1/1/2026
391,Liam Martin,liam.martin391@example.com,IT,1/1/2026
392,Noah Martin,noah.martin392@example.com,HR,1/1/2026
393,Charlotte Martin,charlotte.martin393@example.com,Finance,1/1/2026
394,Amelia Martin,amelia.martin394@example.com,Marketing,1/1/2026
395,Benjamin Martin,benjamin.martin395@example.com,Sales,1/1/2026
396,Evelyn Martin,evelyn.martin396@example.com,IT,1/1/2026
397,Lucas Martin,lucas.martin397@example.com,HR,1/1/2026
398,Harper Martin,harper.martin398@example.com,Finance,1/1/2026
399,Henry Martin,henry.martin399@example.com,Marketing,1/1/2026
400,Abigail Martin,abigail.martin400@example.com,Sales,1/1/2026
401,John Smith,john.smith401@example.com,IT,1/1/2026
402,Alice Smith,alice.smith402@example.com,HR,1/1/2026
403,Bob Smith,bob.smith403@example.com,Finance,1/1/2026
404,David Smith,david.smith404@example.com,Marketing,1/1/2026
405,Emma Smith,emma.smith405@example.com,Sales,1/1/2026
406,Michael Smith,michael.smith406@example.com,IT,1/1/2026
407,Sophia Smith,sophia.smith407@example.com,HR,1/1/2026
408,James Smith,james.smith408@example.com,Finance,1/1/2026
409,Olivia Smith,olivia.smith409@example.com,Marketing,1/1/2026
410,William Smith,william.smith410@example.com,Sales,1/1/2026
411,Liam Smith,liam.smith411@example.com,IT,1/1/2026
412,Noah Smith,noah.smith412@example.com,HR,1/1/2026
413,Charlotte Smith,charlotte.smith413@example.com,Finance,1/1/2026
414,Amelia Smith,amelia.smith414@example.com,Marketing,1/1/2026
415,Benjamin Smith,benjamin.smith415@example.com,Sales,1/1/2026
416,Evelyn Smith,evelyn.smith416@example.com,IT,1/1/2026
417,Lucas Smith,lucas.smith417@example.com,HR,1/1/2026
418,Harper Smith,harper.smith418@example.com,Finance,1/1/2026
419,Henry Smith,henry.smith419@example.com,Marketing,1/1/2026
420,Abigail Smith,abigail.smith420@example.com,Sales,1/1/2026
421,John Johnson,john.johnson421@example.com,IT,1/1/2026
422,Alice Johnson,alice.johnson422@example.com,HR,1/1/2026
423,Bob Johnson,bob.johnson423@example.com,Finance,1/1/2026
424,David Johnson,david.johnson424@example.com,Marketing,1/1/2026
425,Emma Johnson,emma.johnson425@example.com,Sales,1/1/2026
426,Michael Johnson,michael.johnson426@example.com,IT,1/1/2026
427,Sophia Johnson,sophia.johnson427@example.com,HR,1/1/2026
428,James Johnson,james.johnson428@example.com,Finance,1/1/2026
429,Olivia Johnson,olivia.johnson429@example.com,Marketing,1/1/2026
430,William Johnson,william.johnson430@example.com,Sales,1/1/2026
431,Liam Johnson,liam.johnson431@example.com,IT,1/1/2026
432,Noah Johnson,noah.johnson432@example.com,HR,1/1/2026
433,Charlotte Johnson,charlotte.johnson433@example.com,Finance,1/1/2026
434,Amelia Johnson,amelia.johnson434@example.com,Marketing,1/1/2026
435,Benjamin Johnson,benjamin.johnson435@example.com,Sales,1/1/2026
436,Evelyn Johnson,evelyn.johnson436@example.com,IT,1/1/2026
437,Lucas Johnson,lucas.johnson437@example.com,HR,1/1/2026
438,Harper Johnson,harper.johnson438@example.com,Finance,1/1/2026
439,Henry Johnson,henry.johnson439@example.com,Marketing,1/1/2026
440,Abigail Johnson,abigail.johnson440@example.com,Sales,1/1/2026
441,John Williams,john.williams441@example.com,IT,1/1/2026
442,Alice Williams,alice.williams442@example.com,HR,1/1/2026
443,Bob Williams,bob.williams443@example.com,Finance,1/1/2026
444,David Williams,david.williams444@example.com,Marketing,1/1/2026
445,Emma Williams,emma.williams445@example.com,Sales,1/1/2026
446,Michael Williams,michael.williams446@example.com,IT,1/1/2026
447,Sophia Williams,sophia.williams447@example.com,HR,1/1/2026
448,James Williams,james.williams448@example.com,Finance,1/1/2026
449,Olivia Williams,olivia.williams449@example.com,Marketing,1/1/2026
450,William Williams,william.williams450@example.com,Sales,1/1/2026
451,Liam Williams,liam.williams451@example.com,IT,1/1/2026
452,Noah Williams,noah.williams452@example.com,HR,1/1/2026
453,Charlotte Williams,charlotte.williams453@example.com,Finance,1/1/2026
454,Amelia Williams,amelia.williams454@example.com,Marketing,1/1/2026
455,Benjamin Williams,benjamin.williams455@example.com,Sales,1/1/2026
456,Evelyn Williams,evelyn.williams456@example.com,IT,1/1/2026
457,Lucas Williams,lucas.williams457@example.com,HR,1/1/2026
458,Harper Williams,harper.williams458@example.com,Finance,1/1/2026
459,Henry Williams,henry.williams459@example.com,Marketing,1/1/2026
460,Abigail Williams,abigail.williams460@example.com,Sales,1/1/2026
461,John Brown,john.brown461@example.com,IT,1/1/2026
462,Alice Brown,alice.brown462@example.com,HR,1/1/2026
463,Bob Brown,bob.brown463@example.com,Finance,1/1/2026
464,David Brown,david.brown464@example.com,Marketing,1/1/2026
465,Emma Brown,emma.brown465@example.com,Sales,1/1/2026
466,Michael Brown,michael.brown466@example.com,IT,1/1/2026
467,Sophia Brown,sophia.brown467@example.com,HR,1/1/2026
468,James Brown,james.brown468@example.com,Finance,1/1/2026
469,Olivia Brown,olivia.brown469@example.com,Marketing,1/1/2026
470,William Brown,william.brown470@example.com,Sales,1/1/2026
471,Liam Brown,liam.brown471@example.com,IT,1/1/2026
472,Noah Brown,noah.brown472@example.com,HR,1/1/2026
473,Charlotte Brown,charlotte.brown473@example.com,Finance,1/1/2026
474,Amelia Brown,amelia.brown474@example.com,Marketing,1/1/2026
475,Benjamin Brown,benjamin.brown475@example.com,Sales,1/1/2026
476,Evelyn Brown,evelyn.brown476@example.com,IT,1/1/2026
477,Lucas Brown,lucas.brown477@example.com,HR,1/1/2026
478,Harper Brown,harper.brown478@example.com,Finance,1/1/2026
479,Henry Brown,henry.brown479@example.com,Marketing,1/1/2026
480,Abigail Brown,abigail.brown480@example.com,Sales,1/1/2026
481,John Jones,john.jones481@example.com,IT,1/1/2026
482,Alice Jones,alice.jones482@example.com,HR,1/1/2026
483,Bob Jones,bob.jones483@example.com,Finance,1/1/2026
484,David Jones,david.jones484@example.com,Marketing,1/1/2026
485,Emma Jones,emma.jones485@example.com,Sales,1/1/2026
486,Michael Jones,michael.jones486@example.com,IT,1/1/2026
487,Sophia Jones,sophia.jones487@example.com,HR,1/1/2026
488,James Jones,james.jones488@example.com,Finance,1/1/2026
489,Olivia Jones,olivia.jones489@example.com,Marketing,1/1/2026
490,William Jones,william.jones490@example.com,Sales,1/1/2026
491,Liam Jones,liam.jones491@example.com,IT,1/1/2026
492,Noah Jones,noah.jones492@example.com,HR,1/1/2026
493,Charlotte Jones,charlotte.jones493@example.com,Finance,1/1/2026
494,Amelia Jones,amelia.jones494@example.com,Marketing,1/1/2026
495,Benjamin Jones,benjamin.jones495@example.com,Sales,1/1/2026
496,Evelyn Jones,evelyn.jones496@example.com,IT,1/1/2026
497,Lucas Jones,lucas.jones497@example.com,HR,1/1/2026
498,Harper Jones,harper.jones498@example.com,Finance,1/1/2026
499,Henry Jones,henry.jones499@example.com,Marketing,1/1/2026
500,Abigail Jones,abigail.jones500@example.com,Sales,1/1/2026
